timeStamp,elapsed,label,responseCode,responseMessage,threadName,dataType,success,failureMessage,bytes,sentBytes,grpThreads,allThreads,Latency,IdleTime,Connect
1488719856697,1429,Soap_Request,200,OK,Soap_Service_TG 1-1,text,true,,72929,598,10,10,909,0,459
1488719856976,1392,Soap_Request,200,OK,Soap_Service_TG 1-2,text,true,,72929,598,10,10,633,0,203
1488719857476,1325,Soap_Request,200,OK,Soap_Service_TG 1-3,text,true,,72929,598,10,10,577,0,188
1488719857976,1353,Soap_Request,200,OK,Soap_Service_TG 1-4,text,true,,72929,598,10,10,593,0,192
1488719858476,1170,Soap_Request,200,OK,Soap_Service_TG 1-5,text,true,,72929,598,10,10,593,0,194
1488719858986,1205,Soap_Request,200,OK,Soap_Service_TG 1-6,text,true,,72929,598,10,10,616,0,221
1488719859986,1353,Soap_Request,200,OK,Soap_Service_TG 1-8,text,true,,72929,598,10,10,588,0,191
1488719859486,2258,Soap_Request,200,OK,Soap_Service_TG 1-7,text,true,,72929,598,10,10,777,0,191
1488719860490,1578,Soap_Request,200,OK,Soap_Service_TG 1-9,text,true,,72929,598,10,10,599,0,200
1488719860990,1388,Soap_Request,200,OK,Soap_Service_TG 1-10,text,true,,72929,598,10,10,631,0,197
1488719888148,1491,Soap_Request,200,OK,Soap_Service_TG 1-1,text,true,,72929,598,10,10,637,0,243
1488719888378,1700,Soap_Request,200,OK,Soap_Service_TG 1-2,text,true,,72929,598,10,10,581,0,195
1488719888799,1982,Soap_Request,200,OK,Soap_Service_TG 1-3,text,true,,72929,598,10,10,756,0,263
1488719889329,1845,Soap_Request,200,OK,Soap_Service_TG 1-4,text,true,,72929,598,10,10,803,0,226
1488719889652,1794,Soap_Request,200,OK,Soap_Service_TG 1-5,text,true,,72929,598,10,10,756,0,245
1488719890197,1797,Soap_Request,200,OK,Soap_Service_TG 1-6,text,true,,72929,598,10,10,770,0,217
1488719891344,1849,Soap_Request,200,OK,Soap_Service_TG 1-8,text,true,,72929,598,10,10,773,0,197
1488719891749,1986,Soap_Request,200,OK,Soap_Service_TG 1-7,text,true,,72929,598,10,10,774,0,284
1488719892082,1987,Soap_Request,200,OK,Soap_Service_TG 1-9,text,true,,72929,598,10,10,791,0,288
1488719892392,2296,Soap_Request,200,OK,Soap_Service_TG 1-10,text,true,,72929,598,10,10,836,0,197
1488719919639,1521,Soap_Request,200,OK,Soap_Service_TG 1-1,text,true,,72929,598,10,10,745,0,351
1488719920778,1444,Soap_Request,200,OK,Soap_Service_TG 1-3,text,true,,72929,598,10,10,639,0,197
1488719921179,1576,Soap_Request,200,OK,Soap_Service_TG 1-4,text,true,,72929,598,10,10,632,0,206
1488719920079,2725,Soap_Request,200,OK,Soap_Service_TG 1-2,text,true,,72929,598,10,10,919,0,191
1488719921449,1357,Soap_Request,200,OK,Soap_Service_TG 1-5,text,true,,72929,598,10,10,593,0,197
1488719921990,1525,Soap_Request,200,OK,Soap_Service_TG 1-6,text,true,,72929,598,10,10,748,0,200
1488719923192,1384,Soap_Request,200,OK,Soap_Service_TG 1-8,text,true,,72929,598,10,10,635,0,199
1488719924065,1622,Soap_Request,200,OK,Soap_Service_TG 1-9,text,true,,72929,598,10,10,669,0,200
1488719924685,1385,Soap_Request,200,OK,Soap_Service_TG 1-10,text,true,,72929,598,10,10,627,0,192
1488719923737,2986,Soap_Request,200,OK,Soap_Service_TG 1-7,text,true,,72929,598,10,10,1623,0,235
1488719951165,1699,Soap_Request,200,OK,Soap_Service_TG 1-1,text,true,,72929,598,10,10,921,0,195
1488719952222,1897,Soap_Request,200,OK,Soap_Service_TG 1-3,text,true,,72929,598,10,10,882,0,193
1488719952751,3482,Soap_Request,200,OK,Soap_Service_TG 1-4,text,true,,72929,598,10,10,804,0,193
1488719952801,3601,Soap_Request,200,OK,Soap_Service_TG 1-2,text,true,,72929,598,10,10,804,0,198
1488719952801,3632,Soap_Request,200,OK,Soap_Service_TG 1-5,text,true,,72929,598,10,10,819,0,199
1488719954575,2757,Soap_Request,200,OK,Soap_Service_TG 1-8,text,true,,72929,598,10,10,1966,0,1451
1488719955688,1851,Soap_Request,200,OK,Soap_Service_TG 1-9,text,true,,72929,598,10,10,851,0,370
1488719956084,1460,Soap_Request,200,OK,Soap_Service_TG 1-10,text,true,,72929,598,10,10,645,0,197
1488719953517,4211,Soap_Request,200,OK,Soap_Service_TG 1-6,text,true,,72929,598,10,10,961,0,209
1488719956718,1451,Soap_Request,200,OK,Soap_Service_TG 1-7,text,true,,72929,598,10,10,708,0,196
1488719982871,1602,Soap_Request,200,OK,Soap_Service_TG 1-1,text,true,,72929,598,10,10,604,0,200
1488719984119,1383,Soap_Request,200,OK,Soap_Service_TG 1-3,text,true,,72929,598,10,10,610,0,200
1488719986235,1404,Soap_Request,200,OK,Soap_Service_TG 1-4,text,true,,72929,598,10,10,637,0,195
1488719986408,1528,Soap_Request,200,OK,Soap_Service_TG 1-2,text,true,,72929,598,10,10,595,0,193
1488719986438,1725,Soap_Request,200,OK,Soap_Service_TG 1-5,text,true,,72929,598,10,10,586,0,192
1488719987352,1840,Soap_Request,200,OK,Soap_Service_TG 1-8,text,true,,72929,598,10,10,790,0,198
1488719987550,1977,Soap_Request,200,OK,Soap_Service_TG 1-10,text,true,,72929,598,10,10,778,0,384
1488719987548,2042,Soap_Request,200,OK,Soap_Service_TG 1-9,text,true,,72929,598,10,10,889,0,393
1488719987739,2194,Soap_Request,200,OK,Soap_Service_TG 1-6,text,true,,72929,598,10,10,864,0,310
1488719988178,2333,Soap_Request,200,OK,Soap_Service_TG 1-7,text,true,,72929,598,10,10,1009,0,387
1488720014476,2240,Soap_Request,200,OK,Soap_Service_TG 1-1,text,true,,72929,598,10,10,634,0,209
1488720015519,1706,Soap_Request,200,OK,Soap_Service_TG 1-3,text,true,,72929,598,10,10,748,0,343
1488720017646,1496,Soap_Request,200,OK,Soap_Service_TG 1-4,text,true,,72929,598,10,10,693,0,228
1488720017946,1396,Soap_Request,200,OK,Soap_Service_TG 1-2,text,true,,72929,598,10,10,605,0,201
1488720018166,1462,Soap_Request,200,OK,Soap_Service_TG 1-5,text,true,,72929,598,10,10,662,0,233
1488720019197,1411,Soap_Request,200,OK,Soap_Service_TG 1-8,text,true,,72929,598,10,10,636,0,218
1488720019596,1644,Soap_Request,200,OK,Soap_Service_TG 1-9,text,true,,72929,598,10,10,700,0,237
1488720019937,1672,Soap_Request,200,OK,Soap_Service_TG 1-6,text,true,,72929,598,10,10,603,0,198
1488720020514,1493,Soap_Request,200,OK,Soap_Service_TG 1-7,text,true,,72929,598,10,10,727,0,264
1488720019536,2774,Soap_Request,200,OK,Soap_Service_TG 1-10,text,true,,72929,598,10,10,904,0,197
1488720046709,1546,Soap_Request,200,OK,Soap_Service_TG 1-1,text,true,,72929,598,10,10,602,0,200
1488720047229,1379,Soap_Request,200,OK,Soap_Service_TG 1-3,text,true,,72929,598,10,10,601,0,194
1488720049140,1453,Soap_Request,200,OK,Soap_Service_TG 1-4,text,true,,72929,598,10,10,585,0,195
1488720049340,1487,Soap_Request,200,OK,Soap_Service_TG 1-2,text,true,,72929,598,10,10,592,0,193
1488720049630,1388,Soap_Request,200,OK,Soap_Service_TG 1-5,text,true,,72929,598,10,10,597,0,193
1488720050610,1395,Soap_Request,200,OK,Soap_Service_TG 1-8,text,true,,72929,598,10,10,624,0,222
1488720051240,1406,Soap_Request,200,OK,Soap_Service_TG 1-9,text,true,,72929,598,10,10,609,0,196
1488720051610,1363,Soap_Request,200,OK,Soap_Service_TG 1-6,text,true,,72929,598,10,10,605,0,189
1488720052010,1359,Soap_Request,200,OK,Soap_Service_TG 1-7,text,true,,72929,598,10,10,594,0,190
1488720052310,1395,Soap_Request,200,OK,Soap_Service_TG 1-10,text,true,,72929,598,10,10,629,0,215
1488720078257,1354,Soap_Request,200,OK,Soap_Service_TG 1-1,text,true,,72929,598,10,10,598,0,194
1488720078617,1190,Soap_Request,200,OK,Soap_Service_TG 1-3,text,true,,72929,598,10,10,667,0,210
1488720080592,1361,Soap_Request,200,OK,Soap_Service_TG 1-4,text,true,,72929,598,10,10,602,0,197
1488720080822,1372,Soap_Request,200,OK,Soap_Service_TG 1-2,text,true,,72929,598,10,10,598,0,199
1488720081022,1366,Soap_Request,200,OK,Soap_Service_TG 1-5,text,true,,72929,598,10,10,594,0,195
1488720082001,1386,Soap_Request,200,OK,Soap_Service_TG 1-8,text,true,,72929,598,10,10,598,0,202
1488720082643,1360,Soap_Request,200,OK,Soap_Service_TG 1-9,text,true,,72929,598,10,10,596,0,194
1488720082975,1398,Soap_Request,200,OK,Soap_Service_TG 1-6,text,true,,72929,598,10,10,629,0,209
1488720083371,1623,Soap_Request,200,OK,Soap_Service_TG 1-7,text,true,,72929,598,10,10,603,0,194
1488720083701,1821,Soap_Request,200,OK,Soap_Service_TG 1-10,text,true,,72929,598,10,10,619,0,200
1488720109614,1368,Soap_Request,200,OK,Soap_Service_TG 1-1,text,true,,72929,598,10,10,613,0,196
1488720109814,1329,Soap_Request,200,OK,Soap_Service_TG 1-3,text,true,,72929,598,10,10,579,0,192
1488720111952,1418,Soap_Request,200,OK,Soap_Service_TG 1-4,text,true,,72929,598,10,10,631,0,205
1488720112382,1393,Soap_Request,200,OK,Soap_Service_TG 1-5,text,true,,72929,598,10,10,615,0,193
1488720112192,2646,Soap_Request,200,OK,Soap_Service_TG 1-2,text,true,,72929,598,10,10,789,0,196
1488720113382,1646,Soap_Request,200,OK,Soap_Service_TG 1-8,text,true,,72929,598,10,10,582,0,191
1488720114002,1525,Soap_Request,200,OK,Soap_Service_TG 1-9,text,true,,72929,598,10,10,601,0,193
1488720114372,1540,Soap_Request,200,OK,Soap_Service_TG 1-6,text,true,,72929,598,10,10,733,0,193
1488720114992,1361,Soap_Request,200,OK,Soap_Service_TG 1-7,text,true,,72929,598,10,10,588,0,196
1488720115525,1361,Soap_Request,200,OK,Soap_Service_TG 1-10,text,true,,72929,598,10,10,592,0,197
1488720126460,409,Soap_Request,403,Forbidden,Soap_Service_TG 1-6,text,false,Test failed: text expected to contain /</GetCitiesByCountryResponse>/,1393,598,10,10,409,0,211
1488720126460,410,Soap_Request,403,Forbidden,Soap_Service_TG 1-8,text,false,Test failed: text expected to contain /</GetCitiesByCountryResponse>/,1393,598,10,10,410,0,211
1488720126459,414,Soap_Request,403,Forbidden,Soap_Service_TG 1-7,text,false,Test failed: text expected to contain /</GetCitiesByCountryResponse>/,1393,598,8,8,414,0,214
1488720126462,413,Soap_Request,403,Forbidden,Soap_Service_TG 1-5,text,false,Test failed: text expected to contain /</GetCitiesByCountryResponse>/,1393,598,7,7,413,0,213
1488720126462,415,Soap_Request,403,Forbidden,Soap_Service_TG 1-4,text,false,Test failed: text expected to contain /</GetCitiesByCountryResponse>/,1393,598,6,6,415,0,216
1488720126459,1383,Soap_Request,200,OK,Soap_Service_TG 1-10,text,true,,72929,598,5,5,609,0,210
1488720126455,1401,Soap_Request,200,OK,Soap_Service_TG 1-3,text,true,,72929,598,4,4,594,0,193
1488720126455,1405,Soap_Request,200,OK,Soap_Service_TG 1-1,text,true,,72929,598,3,3,612,0,200
1488720126457,1405,Soap_Request,200,OK,Soap_Service_TG 1-2,text,true,,72929,598,2,2,615,0,198
1488720126457,1411,Soap_Request,200,OK,Soap_Service_TG 1-9,text,true,,72929,598,1,1,610,0,200
